RegionID,SizeRank,RegionName,RegionType,StateName,12/31/17,1/31/18,2/28/18,3/31/18,4/30/18,5/31/18,6/30/18,7/31/18,8/31/18,9/30/18,10/31/18,11/30/18,12/31/18,1/31/19,2/28/19,3/31/19,4/30/19,5/31/19,6/30/19,7/31/19,8/31/19,9/30/19,10/31/19,11/30/19,12/31/19,1/31/20,2/29/20,3/31/20,4/30/20,5/31/20,6/30/20,7/31/20,8/31/20,9/30/20
102001,0,United States,Country,,273786,271667,273167,279667,289333,296133,299600,299900,299600,299300,298833,297500,294467,291633,292966,298330,307313,315646,321950,322933,319933,315633,312300,307300,303267,299800,301466,306500,312666,320000,327833,335167,341133,343300
394913,1,"New York, NY",Msa,NY,523300,523267,528266,538266,549966,559967,566666,566666,560000,556333,556333,559333,556300,552633,551300,557967,567967,577967,584000,584000,580633,577300,577600,578967,579300,577667,579667,586333,594333,599300,606267,619933,636633,649966
753899,2,"Los Angeles-Long Beach-Anaheim, CA",Msa,CA,792267,795533,798933,812600,829633,845975,848975,838675,820667,797667,781000,766000,756000,746300,746282,756282,775982,800667,820667,834300,842300,841967,841967,840967,844600,847967,862933,879633,879633,876000,884667,918000,948333,956667
394463,3,"Chicago, IL",Msa,IL,306300,300967,305967,319300,335600,345467,347433,343130,336263,329597,324267,317933,309600,303233,306567,318267,333300,343000,346300,344267,337900,331267,324800,318167,309833,304633,308966,318933,326330,330297,335297,343233,348233,349900
394514,4,"Dallas-Fort Worth, TX",Msa,TX,341330,341663,345000,351633,359633,365967,365667,359300,350630,344263,340930,339600,337967,335333,335633,340600,348267,354933,356300,354596,349596,344929,341633,339997,338330,335630,335168,336835,339501,343267,348597,355263,358297,359600
394974,5,"Philadelphia, PA",Msa,PA,255733,250767,248300,251667,259967,269633,277297,280630,279263,275767,273433,270133,264967,257333,253967,257967,267633,279000,287633,292933,293263,293297,293330,293300,289933,284900,284600,287600,292633,299300,309633,321267,328267,329633
394692,6,"Houston, TX",Msa,TX,321675,323342,326042,329600,334300,337966,339333,336300,331300,324967,321500,318167,316500,315000,316166,319500,324487,328320,329654,327958,324292,319625,316333,313998,311998,309665,309000,311833,314398,319398,323565,330000,334833,340000
395209,7,"Washington, DC",Msa,DC,442966,431966,431633,441667,453333,465333,475633,481300,477967,467997,461630,456597,449857,443190,443223,454967,471667,488204,496204,496171,489633,484967,484667,486333,484663,483327,488293,503263,513233,522933,531300,543000,549667,546000
394856,8,"Miami-Fort Lauderdale, FL",Msa,FL,395000,395000,395000,396167,397500,399000,399467,399633,399467,399167,398667,397333,396000,395000,395000,396000,397333,398967,399633,401622,401656,401654,399998,399998,400000,399967,399966,399966,399333,397833,397500,398133,399633,402633
394347,9,"Atlanta, GA",Msa,GA,304785,309273,314475,323323,335168,344667,349633,344933,337933,329633,324667,320300,316882,313515,313182,316600,326300,337633,344300,344600,339933,334900,330430,327130,325463,324297,324297,325997,327700,331467,337966,346900,354266,357600
394404,10,"Boston, MA",Msa,MA,545133,541833,545167,565667,585333,598926,596259,579925,558300,541300,537633,535667,531000,527967,533300,549967,570000,588000,594633,594600,586567,579932,574965,574998,573300,573300,581300,597667,605967,612933,620600,637267,647267,649900
395057,11,"San Francisco, CA",Msa,CA,813000,795000,815000,851333,894667,924667,935000,918333,876666,849666,841316,835983,815983,792629,796296,824963,863333,896333,904333,899333,879667,879333,885667,895333,878997,862330,874330,899667,916333,924667,948601,981934,997934,998667
394532,12,"Detroit, MI",Msa,MI,226633,219933,218267,224633,238000,253000,263000,264633,259600,251567,244600,237933,231267,226567,226567,233233,246567,259900,269900,271267,266463,257463,247763,239267,231600,224967,221633,225000,231633,243266,258233,273233,281567,278233
395025,13,"Riverside, CA",Msa,CA,389891,389965,392665,396000,402667,406650,409983,409950,406633,403300,399966,399633,398800,398500,398800,402967,408300,415000,419967,423300,423300,420000,416667,414967,413630,413630,416993,422959,426293,427963,434963,448296,464629,476333
394976,14,"Phoenix, AZ",Msa,AZ,327883,329883,336000,343000,348000,350000,349833,347467,343800,340300,337953,336619,336119,337500,340800,344933,349600,353933,356967,358600,359267,360433,361800,364833,367300,372633,377967,384333,379667,375679,375679,386679,395583,399216
395078,15,"Seattle, WA",Msa,WA,499650,508316,528000,559667,584633,598283,599600,592633,580983,568000,564667,562000,561983,563983,578300,601650,626650,643000,645500,637167,625817,618300,616630,618297,621647,631633,648300,664965,664648,661315,661300,669967,672983,664667
394865,16,"Minneapolis-St Paul, MN",Msa,MN,329933,341300,357933,372933,378267,376600,369000,360667,353700,346333,342667,337967,337967,344633,358000,373906,382539,383172,377233,370600,364800,358133,353100,349900,351267,357633,367667,377967,381300,381267,381267,381567,379900,371600
395056,17,"San Diego, CA",Msa,CA,697667,697667,711000,724333,741000,742667,742753,733087,719420,701333,687667,679333,675900,674567,679529,687962,707962,725000,738300,738300,738300,740667,738967,737133,734467,737500,746000,761067,764400,764383,769650,801150,822833,822833
395121,18,"St. Louis, MO",Msa,MO,193800,190933,191267,196433,204800,213133,218267,219600,219267,218967,217633,214633,209600,205567,207233,215900,227933,237933,242967,244297,242630,240930,238233,234900,229933,228267,231600,236567,240900,245900,252567,257597,255930,252463
395148,19,"Tampa, FL",Msa,FL,270900,269797,269797,271497,274963,279996,283296,283266,279933,276600,273297,271597,269131,268133,268133,271423,277423,285456,290967,292600,291267,289933,289633,287967,286000,283490,283490,284657,284167,285800,289633,296300,302666,306333
394358,20,"Baltimore, MD",Msa,MD,307967,302633,299600,304600,313267,326600,338130,346130,346130,341600,335267,328633,320000,313333,311633,316633,326633,338333,346667,350000,349967,346600,341600,334633,327967,322933,322933,329600,337933,345767,352736,359436,361602,358000
394530,21,"Denver, CO",Msa,CO,,,,,,,,,,491666,483333,476667,473333,478000,488000,504633,516633,523300,521667,518000,511333,504633,499300,499133,499800,508800,525600,541633,544967,541667,541667,546667,549967,543300
394982,22,"Pittsburgh, PA",Msa,PA,173300,171633,169933,173233,177267,183133,184833,184167,181633,179933,178267,175800,172467,170767,170767,175133,181800,189967,195600,198933,199900,199600,196267,191300,185933,184267,187567,193233,198233,204933,214967,227300,232300,232267
394998,23,"Portland, OR",Msa,OR,476600,478600,485267,491950,498316,499983,499966,496600,489900,481567,474900,471567,469900,471600,474950,481617,486617,489953,489953,487953,484626,479659,475659,472333,472333,475500,484467,492124,492924,493624,497633,509633,516633,521633
394458,24,"Charlotte, NC",Msa,NC,339967,337967,338000,343000,349667,356300,359300,356300,350500,343333,336667,331543,327376,325710,328333,335000,343333,351633,356300,356300,352663,347630,344297,341300,341333,342070,345403,349903,352167,356993,362827,374823,379997,381630
395045,25,"Sacramento, CA",Msa,CA,459500,461500,467330,475663,483963,488267,488233,483267,477967,469633,462967,454967,451667,453967,463300,478967,491633,501967,509633,516300,519267,515335,508668,502668,503267,508300,516667,523000,523000,522667,524667,534633,543300,554963
395055,26,"San Antonio, TX",Msa,TX,279600,279600,279933,282966,288000,294333,297663,297630,292963,287600,282633,280966,280333,280330,280297,281630,284963,289963,292797,292767,289467,286438,283135,281135,278963,278237,278537,281870,285600,289219,293219,296886,299730,298096
394943,27,"Orlando, FL",Msa,FL,299870,299837,302870,309300,317633,322967,324967,324967,323267,319933,314892,308259,303226,299933,299933,303300,310000,318333,323333,325000,325000,325330,325330,325330,324997,324663,325997,327667,324667,321633,319967,324800,327833,329467
394466,28,"Cincinnati, OH",Msa,OH,223433,218600,220267,231600,248567,261900,267767,265800,259133,252633,245967,242333,236300,232967,236633,249967,266600,279900,286267,287967,284333,278667,272000,265667,261333,261300,269300,282933,294600,308267,319967,331667,331667,326000
394475,29,"Cleveland, OH",Msa,OH,163110,161411,161567,164900,171267,176267,181403,183403,183403,181600,179600,177967,175633,173800,175133,179133,184633,191300,196300,199300,196267,192933,188267,184933,181600,179900,179933,184967,191333,201300,209300,217933,220467,214100
394735,30,"Kansas City, MO",Msa,MO,251513,254846,259948,269115,274132,275933,275099,273896,272097,272915,280785,287452,293300,296600,306633,319933,331133,337767,336100,329917,319617,312617,307633,304633,302333,307300,318300,333967,343967,354101,361344,366377,361910,353867
394775,31,"Las Vegas, NV",Msa,NV,289600,289933,290314,293314,305580,324933,341933,349333,347967,341300,333267,324933,321567,318242,314908,311608,311633,315000,319967,323300,324633,322967,321266,319900,319933,320487,324220,332553,334700,332667,329300,334300,340966,344333
394492,32,"Columbus, OH",Msa,OH,251467,254900,269767,286433,303133,311983,317983,316283,307600,294933,283267,274900,269100,265800,272467,289963,309930,322963,327633,327667,319667,308300,293967,285600,279867,282500,290867,303633,313000,324330,335630,342963,338300,324967
394705,33,"Indianapolis, IN",Msa,IN,213233,213233,216600,229633,254633,276267,287567,282567,272567,261567,249900,239933,233267,231212,237211,250575,268330,282297,287300,284963,279963,276278,271282,266282,259933,259067,264067,275433,284633,293000,302966,311600,316600,309967
395059,34,"San Jose, CA",Msa,CA,1064650,1073983,1103650,1148633,1205633,1237021,1253055,1236388,1195613,1146280,1111242,1072962,1037963,1006000,1027629,1062592,1103259,1123296,1139333,1132633,1115300,1098633,1095333,1087333,1054666,1051166,1082500,1148833,1172000,1179333,1196000,1229666,1245666,1239300
394355,35,"Austin, TX",Msa,TX,374950,374617,376283,379667,386330,387997,387997,383300,378292,372622,366988,363330,357333,353805,355805,364139,375000,380000,378330,369663,362393,355730,352730,350000,349000,348985,353318,362618,370600,379097,387447,398178,408681,417031
395194,36,"Virginia Beach, VA",Msa,VA,267916,266250,265833,268667,273333,278333,282000,284000,284783,283595,281895,278778,276633,276633,279967,284967,290333,295000,298000,299000,297667,296000,293000,292997,294163,296497,297833,298633,301267,306600,313300,319967,321633,319967
394902,37,"Nashville, TN",Msa,TN,374933,374600,375967,377633,379633,379633,377966,374600,368233,363933,360600,358933,356600,354967,354967,356600,359933,364633,367967,367267,364233,360600,359300,357000,354000,350967,349967,352967,356300,361600,366900,372933,377600,379267
395005,38,"Providence, RI",Msa,RI,330967,329600,331267,336567,342933,347933,349600,349933,349966,349966,348266,344600,339633,337967,341300,348800,357133,364100,368233,369900,369767,368133,364800,361300,356267,352967,354300,362667,372333,381000,389300,396300,399933,396300
394862,39,"Milwaukee, WI",Msa,WI,174600,171567,171567,174933,181600,189933,197900,201267,201267,199633,197267,192300,185933,182967,186267,192933,199600,202933,205633,204300,202633,198266,194900,191267,186267,182933,182933,189600,196267,203233,206567,211600,213267,212800
394714,40,"Jacksonville, FL",Msa,FL,299333,301767,305433,310434,314667,316873,316873,313507,307950,302617,297983,296000,295333,295333,297000,299667,304663,311630,313297,309966,303300,299133,298800,297828,296995,297295,299963,304630,304660,306330,308330,313333,315000,314000
394849,41,"Memphis, TN",Msa,TN,203567,196933,191600,190883,194183,197533,204950,210950,217300,218933,219633,219933,216633,213300,210900,213900,218900,226633,231967,235300,234967,234933,234933,234967,235000,233633,233633,236967,242300,248933,253933,259933,261600,255263
394935,42,"Oklahoma City, OK",Msa,OK,228933,228933,231267,235600,240633,244997,245997,245997,243300,241600,239900,239933,239798,241498,245748,254217,262550,268933,270217,268550,264250,261300,259633,259967,259967,261633,265403,270550,273883,278447,285833,291467,292897,288730
394807,43,"Louisville-Jefferson County, KY",Msa,KY,232300,232000,240333,253967,266600,274900,277267,275467,272000,268000,265167,261042,256042,254008,257300,266800,278167,286833,290333,288967,283873,277507,269173,259900,251600,247967,252333,263967,276267,288267,293600,296633,293300,284633
394669,44,"Hartford, CT",Msa,CT,266300,266600,269933,278267,284933,289900,289900,289900,289592,287925,286258,283233,281567,279900,282567,285933,292600,296600,302767,302767,302467,298633,295333,292300,289900,288900,288900,294317,301950,311950,319900,329900,335600,335600
395022,45,"Richmond, VA",Msa,VA,293647,289150,290163,297597,309053,316373,319107,319283,317167,312833,306200,301650,299900,299867,301547,309963,321647,333283,338117,339133,335000,329167,322000,317800,317025,318428,323428,330187,339617,348983,358967,365950,369947,368630
394910,46,"New Orleans, LA",Msa,LA,250663,245663,242333,243167,249500,257000,262167,263133,262267,259100,256767,253467,251633,250000,252000,256900,263533,269833,272400,272400,270433,268967,267717,266383,264532,262449,261749,264233,269267,276275,282642,288475,293500,296833
394425,47,"Buffalo, NY",Msa,NY,174567,171233,173233,179900,188233,194900,198233,199833,198533,196900,193633,189967,184933,181633,182933,186267,192900,199900,206567,209933,206600,203233,199567,196233,192933,189900,189933,193300,201633,213267,224900,229933,229600,224630
395012,48,"Raleigh, NC",Msa,NC,359600,357933,359633,366633,376633,383300,383300,381300,377933,374300,367824,362524,357857,356178,356512,363178,373333,383300,386633,383300,378267,374767,372767,367833,362967,359933,363233,369303,372670,379337,386600,398233,405877,409244
394388,49,"Birmingham, AL",Msa,AL,209933,206300,206783,215083,226750,236267,239600,239900,239900,238267,234633,231000,229300,229600,233233,239900,249900,258933,265600,271183,273188,274554,273971,272963,269963,266662,266332,267965,269600,273233,278100,281863,280863,275997
395053,50,"Salt Lake City, UT",Msa,UT,386333,389333,394333,401538,406872,413838,418267,419933,416633,411667,404667,400967,398967,399133,402167,408833,420207,430841,437507,436267,431300,426600,424600,424600,427967,434933,446567,454733,452800,449167,450474,459141,462808,461333
395031,51,"Rochester, NY",Msa,NY,171567,171600,178267,187933,199567,208017,211683,208050,201300,194633,189967,184967,184967,189933,201567,213267,224967,230000,231633,229933,226567,218933,208933,201533,195833,195863,204930,219963,236300,244633,249600,249900,247433,239100
394640,52,"Grand Rapids, MI",Msa,MI,259633,264000,272633,285300,297300,303967,306283,302950,297950,291300,287967,287967,289633,289967,293300,299933,309267,314267,314300,311300,306300,302633,296267,292933,289900,292933,296300,304125,311092,317725,319900,319933,319933,319933
395167,53,"Tucson, AZ",Msa,AZ,259300,259933,263300,268633,274967,279966,281300,281300,279632,281232,281232,280900,279467,279500,282232,288065,294665,298900,298233,295353,292053,291553,292113,292113,290613,291000,294190,297857,298823,299838,308171,318704,329467,327800
753924,54,"Urban Honolulu, HI",Msa,HI,659667,661667,660000,651667,646333,648000,656333,659667,666333,668000,668333,663333,663000,669333,671667,671667,668000,668667,670667,671333,670000,661667,654833,649500,648833,645296,640629,632963,623333,611333,606167,607833,608167,598333
395169,55,"Tulsa, OK",Msa,OK,208000,206333,206667,211580,218214,222847,223267,221633,220333,219833,219800,219767,219900,220583,223617,229983,237667,244666,248000,249617,248751,249084,250767,253267,254600,252633,251667,254500,261467,270767,280267,288633,292633,292300
394619,56,"Fresno, CA",Msa,CA,321667,321667,320000,318333,321332,326298,329630,329932,328298,324967,321667,319667,318000,314666,313300,314967,323007,333040,343040,351333,352967,352633,346967,342000,338667,337983,340317,343983,347167,353133,359800,369633,375430,377097
395238,57,"Worcester, MA",Msa,MA,291667,291833,296333,302967,312800,323300,331500,334800,333100,329900,324900,321433,318100,316467,319633,329300,342600,352933,359967,361333,357967,352633,348967,347333,346000,346000,347633,356933,367567,377600,386600,393267,398267,396600
394415,58,"Stamford, CT",Msa,CT,628333,636667,670000,708300,733300,738300,736667,725000,711333,699333,699000,695967,692933,689900,693233,704933,717967,724667,716000,699333,676000,659667,654998,659965,663265,664600,674633,687667,696333,703667,719000,737000,744000,735633
394312,59,"Albuquerque, NM",Msa,NM,242633,241800,243500,248167,255533,261200,264867,263000,259633,254633,251633,250000,250000,251583,255717,262350,269067,273267,276297,276997,278052,276889,277556,276500,276333,278000,285997,294330,301330,309667,323967,337810,345473,346140
394308,60,"Albany, NY",Msa,NY,216267,219567,222933,226600,228267,229900,232933,236267,239300,237967,237833,238133,239033,237500,237200,237933,242133,245633,248967,249800,248300,244967,241600,239733,238100,236467,236633,239600,244433,250267,259933,270067,274233,
394938,61,"Omaha, NE",Msa,NE,272270,275636,283085,291333,301575,306866,307383,303808,300350,297867,292500,285967,282900,284900,293537,306903,319603,326000,323673,320673,315673,309000,298333,290131,287431,291098,300967,310333,316000,319333,323333,328228,328228,323861
394908,62,"New Haven, CT",Msa,CT,271600,271600,276633,285000,296333,305000,311633,311933,308233,303233,299600,296267,291300,286633,287333,292333,302333,308000,309633,304600,299750,294450,291117,289133,287767,286100,286267,291133,296133,306433,314933,328267,333267,333267
394357,63,"Bakersfield, CA",Msa,CA,261300,259300,262333,267992,273992,277625,278933,278267,274933,269966,264966,261333,258000,256300,254967,258263,265076,271743,275113,276333,275650,273650,268950,266250,264883,266250,267963,272663,274663,277167,277467,282300,289767,299133
394753,64,"Knoxville, TN",Msa,TN,269233,267567,267567,271567,280831,290198,295231,293167,287067,280400,274900,271633,271600,271567,273100,276433,284767,293233,298267,304267,305933,305900,298933,292267,287300,284933,288300,296633,305000,314967,325105,338438,346803,346665
394653,65,"Greenville, SC",Msa,SC,273467,271800,273767,278300,284933,289267,292600,292630,291413,286080,281050,276267,273537,273012,274650,280713,289272,295967,296300,291600,284967,281600,279933,279900,278267,276655,279688,284355,287667,290667,296000,300997,301663,299963
394952,66,"Ventura, CA",Msa,CA,784333,779167,779205,776205,784371,779000,769333,753000,743300,726600,709900,696267,689300,685983,689317,698983,712000,725300,738967,748967,760997,772997,782997,781000,777667,779667,795000,813333,808000,802667,806000,836250,862917,874583
394318,67,"Allentown, PA",Msa,PA,226267,222933,222933,224633,230800,235800,239800,241967,241000,237000,232300,228300,226600,224267,225900,230900,238267,244633,248000,251330,251630,250797,247433,244133,241600,239933,243267,252967,259633,264633,264963,273297,279963,284600
394561,68,"El Paso, TX",Msa,TX,168983,168817,168983,169233,169733,170233,171817,173817,176133,176950,177283,177300,178317,180833,183650,186117,187933,189783,191300,191300,190600,189933,189933,191223,191223,191223,189933,189933,189517,190383,192717,196317,198800,199800
394367,69,"Baton Rouge, LA",Msa,LA,230872,229767,230767,233500,238167,243500,247467,247967,245267,242557,240857,240523,239553,239553,240253,242300,245967,250967,254267,253933,250233,246233,243479,241513,240513,239633,240933,243967,247055,249088,252622,257563,263375,267172
394521,70,"Dayton, OH",Msa,OH,133233,128262,126028,129395,134367,139633,144600,149600,151567,149900,146567,144567,142933,142922,143288,148255,153267,161233,167900,176267,179933,178267,172567,168267,165600,164600,167233,178233,188267,196633,200633,201833,200467,197833
394843,71,"McAllen, TX",Msa,TX,192933,191567,189875,189875,191242,191967,193667,194000,195000,196000,194333,192633,189933,189900,192267,195300,200000,203500,206833,207167,204633,201467,199767,199800,199933,199633,199300,199000,199000,202000,207333,214300,218300,221633
394486,72,"Columbia, SC",Msa,SC,204933,201600,201910,206877,215243,223300,230000,231667,231333,229633,228967,231440,233773,237324,238184,240184,243800,247133,249167,245967,241300,236600,233267,230267,227633,227633,231133,235967,240967,245433,248267,251967,254967,254966
394648,73,"Greensboro, NC",Msa,NC,201633,197467,200800,207833,219500,229667,236633,243300,251267,257933,259567,254933,250933,249300,252600,259933,269900,279900,282917,281250,274450,271433,268133,266300,263833,262133,260800,262967,263000,270120,278953,291950,301330,299497
394304,74,"Akron, OH",Msa,OH,148267,144933,142467,144133,150500,159333,167413,172413,171747,167000,162300,158267,154900,151567,151567,154900,159900,166600,173267,176933,176900,172567,168900,163100,157433,152433,151600,156600,163133,171300,178000,183833,187000,183633
753906,75,"North Port-Sarasota-Bradenton, FL",Msa,FL,356333,357693,359327,359660,359633,361633,364933,368567,368233,364533,360867,357533,356233,356267,357933,361967,367300,373667,377967,378666,376873,373240,372507,374300,376933,376967,375633,375000,371667,368333,368333,374833,379800,382212
394798,76,"Little Rock, AR",Msa,AR,181433,183133,185800,187600,190600,192967,194633,193967,192267,190600,190767,190800,190800,189933,190600,193633,197833,205500,210833,215000,215000,213333,211667,209333,208333,207333,208000,211967,216267,221267,222300,222333,220633,221633
395134,77,"Stockton, CA",Msa,CA,379567,381267,383267,382967,385800,387167,392500,393000,391667,388333,385000,383000,381333,378000,376667,379667,393000,408833,422167,430500,436333,438259,434926,434892,436300,436870,435237,435553,436853,438187,444537,454920,466917,472250
394457,78,"Charleston, SC",Msa,SC,399630,399300,402333,406997,413830,419163,422000,422133,417133,409963,403163,398163,394800,393300,397900,407900,417900,423300,425000,421667,414330,405963,400930,399767,399467,399467,402633,409633,413667,420633,427267,438767,445467,448800
395143,79,"Syracuse, NY",Msa,NY,154933,152267,153300,157633,164267,168233,169900,171267,172800,172833,171467,169933,169600,169600,171267,174933,181600,188267,194417,196083,194417,191433,188133,186500,185633,186267,189567,193900,201567,208267,214933,218267,216567,211600
394484,80,"Colorado Springs, CO",Msa,CO,443167,439122,437456,434122,430000,426667,414967,401633,387410,379110,375777,374967,374967,380892,389225,402558,409967,418300,423267,433233,434900,434900,429900,431567,429933,428300,425000,430000,438332,446666,452999,458000,458000,451633
395235,81,"Winston-Salem, NC",Msa,NC,208267,209933,211600,213300,216633,218267,221600,230267,240300,248600,249267,246232,243265,242673,247342,255342,266300,277300,284280,286947,285947,285390,284023,281907,278813,276180,280630,286633,289838,292505,299347,309476,312176,307633
395224,82,"Wichita, KS",Msa,KS,174967,176633,183060,193060,203060,208300,208333,206633,203278,200945,198278,194100,191100,190467,194633,202600,211767,220416,225616,224749,222200,217700,216067,213300,208267,202767,200100,206800,216717,231083,244417,254967,255600,
395115,83,"Springfield, MA",Msa,MA,259999,259666,261333,267667,276333,284333,287967,287967,283300,276633,269967,264967,258965,255198,253831,259833,270267,284633,294633,297967,297467,295733,293733,287567,282333,277833,281167,289833,304333,317966,330600,340900,347567,346433
394440,84,"Fort Myers, FL",Msa,FL,299633,299935,299965,299964,299996,299996,299963,299930,299600,299300,299000,298967,297300,295967,296000,297633,298933,298433,297967,296667,295800,294933,296267,297933,301633,305267,311633,316300,316333,316633,319633,325967,328333,327000
394399,85,"Boise City, ID",Msa,ID,317267,326267,342933,348267,354933,357119,362119,360452,354935,351568,348235,344900,341567,340597,343963,352866,367084,380384,387848,387933,384600,379933,373963,370330,368630,372385,378949,387983,393564,397330,403330,413330,421667,427530
395160,86,"Toledo, OH",Msa,OH,130900,127600,126267,129967,136633,144633,148300,149933,148267,146100,143800,142133,140933,139900,141567,149900,162933,176933,184967,185267,180933,172933,167933,163267,161567,159900,159900,161600,166633,178300,188300,196600,203933,205267
394816,87,"Madison, WI",Msa,WI,291567,293233,301567,311267,317967,319333,319633,319600,315600,310600,303967,301600,301600,305267,314967,326333,334300,337633,336300,334633,331300,327967,326300,324933,324900,326267,331300,339333,346300,351300,354467,354467,349433,341567
394766,88,"Lakeland, FL",Msa,FL,222583,222600,222967,224533,227863,229529,229993,229997,229830,228167,226467,224417,224383,224383,224900,224933,226300,229330,231997,233400,232807,232000,230930,230026,229800,229797,231597,233297,234170,233470,233470,235900,238800,242100
394931,89,"Ogden, UT",Msa,UT,325000,326667,334967,348300,361200,367833,370900,371300,369033,364267,358700,356033,357033,363033,371033,379700,387633,390967,389047,383680,379013,371467,361800,353467,353300,362667,374663,382997,383630,387967,397967,413000,419967,421633
394528,90,"Daytona Beach, FL",Msa,FL,269817,269517,269633,271000,274300,279415,284415,286782,286138,282872,279205,276067,274300,274133,274467,276467,280633,285300,288006,287306,284273,280933,278300,277333,277667,278333,281000,284300,284600,283263,281930,284963,287133,288833
394531,91,"Des Moines, IA",Msa,IA,277133,279633,284000,289167,294593,297593,298593,297333,294300,290600,288100,286433,284100,282433,282967,286300,289300,290433,289967,286594,281594,275394,268263,262263,257630,258467,262685,268852,272845,275827,278793,281133,280800,277997
394711,92,"Jackson, MS",Msa,MS,248467,246800,246300,246600,249933,253233,256600,256600,254933,250600,245633,242300,239933,239900,241600,244800,251167,256133,260967,261100,260467,257800,256967,256267,259233,261567,264233,264933,266933,273241,283407,296741,304100,306600
394352,94,"Augusta, GA",Msa,GA,219933,221600,224567,227900,230933,233300,235000,233633,230067,226700,225033,223267,222267,221300,221300,223967,229633,236267,237967,237967,237167,237830,236463,233996,231666,230199,231800,234800,239600,244633,249777,251477,254477,257300
394666,96,"Harrisburg, PA",Msa,PA,184933,186600,190767,199133,207500,216099,219399,219399,217633,217333,216967,210967,206267,204133,207133,210467,212967,216600,221633,228567,232933,232900,230567,229533,229167,228333,228867,232567,237100,241600,244963,248163,247330,244767
395006,100,"Provo, UT",Msa,UT,367485,369276,376276,387633,392744,389408,382741,379130,379100,375800,373234,368267,366600,366333,369667,376333,380833,383717,383717,385550,387633,388267,386567,383504,383061,384727,391357,400850,405654,410242,415226,428293,440154,452154
394549,104,"Durham, NC",Msa,NC,399633,399333,404333,412967,421633,424967,421833,415167,406833,401633,399933,399600,399300,399300,406223,417275,427309,431386,430333,427000,419667,410000,401633,396633,396600,403300,414967,429990,434021,435688,437331,446633,455800,459133
394995,119,"Port St. Lucie, FL",Msa,FL,280900,282267,282933,282933,282867,282900,284267,284667,286296,288263,289729,289733,289733,289900,289900,289767,289467,289333,289467,289800,289933,289967,289933,289933,289933,289933,289933,290900,290933,290933,291633,294929,298296,299963
395183,124,"Vallejo, CA",Msa,CA,477100,488733,493133,493633,492000,504633,504633,502933,486300,476598,466298,461282,454650,454317,456967,465300,474600,484617,496283,501633,507317,503650,500067,491733,486400,479333,478267,483600,497365,505099,509599,512467,514133,509933
394746,128,"Killeen, TX",Msa,TX,179492,182292,186092,189083,193450,199165,206848,212748,214400,213233,207333,206574,208207,214524,218250,223250,226900,231500,231500,229867,227633,226820,227987,226987,226133,226300,227967,229333,229817,233150,239983,248167,253982,252540
395048,132,"Salem, OR",Msa,OR,332700,339200,344800,348166,351633,354933,359900,363267,363267,359933,354933,351600,349965,351598,351632,351633,349967,349933,351600,355967,359333,361998,363832,365998,368300,371132,373965,376998,376667,378967,380933,382233,379900,376600
394927,149,"Ocala, FL",Msa,FL,208967,210267,212600,214933,218300,221300,222600,222600,220767,217833,216167,216167,217500,218500,217333,216000,215000,215000,213300,212633,213300,215330,215997,215330,215000,214000,213071,212342,211759,212688,216080,220997,226993,230997
394602,159,"Fort Collins, CO",Msa,CO,436907,443299,445800,448267,449633,452630,456213,454847,451848,444965,441662,438330,436663,435000,436303,438637,440303,443100,445733,445700,441600,436633,435000,435667,436330,440798,447797,458467,463932,466267,468267,471698,473362,469695
394405,162,"Boulder, CO",Msa,CO,652533,662567,672567,679833,691500,697833,689667,676333,658000,646000,636000,633000,639000,643933,647267,644900,648300,656630,669663,679330,674748,670082,668748,675000,676667,675000,693333,725000,751333,766333,772667,788000,791333,776667
394471,172,"Clarksville, TN",Msa,TN,204783,209767,214450,217600,219267,220917,221233,220933,219633,221133,222767,225433,227267,229800,233633,238317,244133,247600,247950,244963,241663,239963,239800,238100,236467,233967,233633,234967,238600,242767,246400,248733,248267,249133
394645,177,"Greeley, CO",Msa,CO,381933,378700,375700,374367,375900,379232,381038,381038,380673,379900,381267,383633,387445,386552,382948,379230,378790,386727,397967,404300,401845,393878,393512,397633,404300,411667,421667,435673,441640,441607,437598,441632,444785,445055
394813,189,"Macon-Bibb County, GA",Msa,GA,151300,150630,148330,149963,154600,162233,170567,174933,177300,177167,178000,175633,170800,165800,164167,165800,171300,176267,179600,178567,175267,169800,164467,161130,160630,160630,158967,155297,153630,154627,159297,163660,165997,164297
394346,220,"Athens, GA",Msa,GA,269567,269733,273233,276600,282967,286333,288000,284633,279467,274467,271845,269345,268843,271498,279132,287800,294801,298151,299651,296283,291300,287800,286133,286767,287233,289998,297364,304031,305967,304676,304676,304759,299383,294383
394623,229,"Gainesville, GA",Msa,GA,317168,315164,317098,328197,339767,351167,361200,363300,364967,360433,357100,352100,348267,346900,346233,348233,352900,359933,361267,356300,346600,338297,333293,327813,324847,320847,319694,322123,324460,327793,331633,335093,341727,344927
395246,244,"Yuba City, CA",Msa,CA,299900,299567,308017,319550,336583,339000,340500,333000,330500,325800,319967,314633,308000,306333,309967,317967,329133,334167,337500,337967,338630,338960,338990,339960,338630,335296,338330,344663,356333,369667,374663,377997,370997,374333
395009,251,"Punta Gorda, FL",Msa,FL,277633,277667,277333,277333,276333,275300,275600,276600,275800,274133,275633,278130,279830,280713,280683,280650,279900,279900,278267,277967,277667,279300,279600,281600,287133,291883,293217,289683,284633,283300,281300,281600,279933,279600
395007,253,"Pueblo, CO",Msa,CO,238133,239933,243433,249300,255075,254542,258675,264233,271267,269600,264300,260967,257633,253300,254300,259800,268368,275368,270902,262300,254133,253100,250467,246633,244967,245967,245967,247667,249333,255667,257333,262333,265000,268300
395094,331,"Sherman, TX",Msa,TX,,,,,,,,,,255189,255000,253333,251333,249333,247967,246633,246967,251333,254333,257633,255600,255267,251600,250300,248967,247855,246521,246521,248000,251300,251467,251133,252500,257667
394546,343,"Dunn, NC",Msa,NC,210267,211767,212133,212833,215000,217966,221267,223267,225267,226933,226933,226467,224367,224033,227500,232933,239250,240950,239283,237500,237467,240833,244300,247633,249300,251267,252967,252933,251633,252633,257633,264133,268769,272102
395166,383,"Truckee, CA",Msa,CA,569667,578333,583000,584333,572667,562967,548300,536600,523300,519133,510833,510500,503000,509133,514466,529766,540267,553600,559967,560000,558000,556333,559333,556000,551667,551667,555000,559300,564633,576633,589667,604500,622500,642500
395153,399,"The Villages, FL",Msa,FL,282467,280433,273267,271600,269933,273233,271267,269632,266332,263232,263233,266533,273049,276382,274716,269933,266567,266567,269600,272967,279633,286600,294900,297567,295900,292267,290800,292467,292767,291600,292133,293833,300333,304667
394586,504,"Faribault, MN",Msa,MN,299966,292416,287383,287217,288100,289800,292077,293611,291911,288096,283229,281563,279775,283108,289808,299933,304933,303233,296600,294267,295933,295600,289267,282267,282267,287267,297933,305567,310900,310567,306600,308933,312229,317862
394309,527,"Albemarle, NC",Msa,NC,251433,251467,246633,243333,249966,259966,270800,272467,270767,269600,269300,264333,257967,251467,249767,253667,257700,261900,260333,256433,254567,252000,251767,252467,257693,262920,262120,259360,247833,245467,248233,261133,270967,266000
394742,595,"Kerrville, TX",Msa,TX,379600,377933,372967,366633,363300,366633,374967,381667,383300,380967,380967,385500,386983,391650,386817,387667,384333,387667,390000,386778,385444,384611,384167,382167,385333,392333,399000,407667,418000,428300,428300,428300,430000,431667
395091,641,"Shelbyville, TN",Msa,TN,221633,224933,220417,217083,215450,214933,216600,221567,231567,239900,246567,255767,260767,264100,258233,253233,253233,261233,267900,267933,264933,258267,257933,252933,256267,248233,245767,239100,240467,238933,239800,250100,260467,272933